{"method": "newton raphson", "iterations": 4, "x": [2.0, 1.75, 1.7321428571428572, 1.7320508100147276], "f(x)": [1.0, 0.0625, 0.00031887755102077975, 8.47267411785424e-09], "time": 0.7763000000122702, "status": "good", "root": 1.7320508100147276, "precision": 99.99994685938995}