{"method": "Bisection", "x`": [1.5, 1.75, 1.625, 1.6875, 1.71875, 1.734375, 1.7265625, 1.73046875, 1.732421875, 1.7314453125, 1.73193359375], "f(x`)": [-0.75, 0.0625, -0.359375, -0.15234375, -0.0458984375, 0.008056640625, -0.01898193359375, -0.0054779052734375, 0.001285552978515625, -0.0020971298217773438, -0.00040602684020996094], "xl": [1.0, 1.5, 1.5, 1.625, 1.6875, 1.71875, 1.71875, 1.7265625, 1.73046875, 1.73046875, 1.7314453125], "f(xl)": [-2.0, -0.75, -0.75, -0.359375, -0.15234375, -0.0458984375, -0.0458984375, -0.01898193359375, -0.0054779052734375, -0.0054779052734375, -0.0020971298217773438], "xu": [2.0, 2.0, 1.75, 1.75, 1.75, 1.75, 1.734375, 1.734375, 1.734375, 1.732421875, 1.732421875], "f(xu)": [1.0, 1.0, 0.0625, 0.0625, 0.0625, 0.0625, 0.008056640625, 0.008056640625, 0.008056640625, 0.001285552978515625, 0.001285552978515625], "iterations": 12, "updates": ["lower bound = x`", "upper bound = x`", "lower bound = x`", "lower bound = x`", "lower bound = x`", "upper bound = x`", "lower bound = x`", "lower bound = x`", "upper bound = x`", "lower bound = x`", "lower bound = x`"], "error": ["", 16.666666666666675, 7.14285714285714, 3.8461538461538547, 1.85185185185186, 0.9090909090909038, 0.45045045045044585, 0.2262443438914019, 0.11286681715576563, 0.05636978579481866, 0.028200789622112588], "root": 1.73193359375, "status": "good", "precision percentage": 99.97179921037788, "time": 3.368799999996554}