{"method": "secant", "iterations": 4, "x": [1.6666666666666667, 1.75, 1.7317073170731707, 1.7320490367775832], "f(x)": [-0.22222222222222188, 0.0625, -0.0011897679952408424, -6.134197846563438e-06], "time": 1.3460999999952037, "status": "good", "root": 1.7320490367775832, "precision percentage": 99.98974230673005}