{"method": "secant", "iterations": 6, "x": [-3.0, -1.5, -1.6666666666666667, -1.736842105263158, -1.731958762886598, -1.7320506804317222], "f(x)": [6.0, -0.75, -0.22222222222222188, 0.016620498614958734, -0.0003188436603251965, -4.4041600810729165e-07], "error": ["", 50.0, 44.44444444444444, 15.789473684210531, 3.9175257731958846, 0.2758699145372079], "time": 8.378299999982119, "status": "good", "root": -1.7320506804317222, "precision percentage": 99.72413008546279}