{"method": "fixed point", "iterations": 21, "x1": [0.36787944117144233, 0.6922006275553464, 0.5004735005636368, 0.6062435350855974, 0.545395785975027, 0.5796123355033789, 0.5601154613610891, 0.571143115080177, 0.5648793473910495, 0.5684287250290607, 0.5664147331468833, 0.5675566373282834, 0.5669089119214953, 0.5672762321755696, 0.5670678983907884, 0.567186050099357, 0.5671190400572149, 0.5671570440012975, 0.5671354902062784, 0.5671477142601192, 0.567140781458298], "difference": [0.6321205588285577, 0.32432118638390406, 0.19172712699170957, 0.10577003452196054, 0.06084774911057034, 0.03421654952835185, 0.019496874142289733, 0.011027653719087871, 0.0062637676891275085, 0.0035493776380112196, 0.002013991882177435, 0.001141904181400144, 0.0006477254067881466, 0.00036732025407426594, 0.00020833378478113396, 0.00011815170856854795, 6.701004214204609e-05, 3.800394408259855e-05, 2.1553795019113586e-05, 1.222405384082581e-05, 6.932801821180057e-06], "time": 8.303400000062538, "root": 0.567140781458298, "status": "good", "precision percentage": 99.99998777602087}