{"method": "Bisection", "x`": [1.0, 1.5, 1.75, 1.625, 1.6875, 1.71875, 1.734375, 1.7265625, 1.73046875, 1.732421875, 1.7314453125, 1.73193359375, 1.732177734375, 1.7320556640625, 1.73199462890625, 1.732025146484375, 1.7320404052734375, 1.7320480346679688], "f(x`)": [-2.0, -0.75, 0.0625, -0.359375, -0.15234375, -0.0458984375, 0.008056640625, -0.01898193359375, -0.0054779052734375, 0.001285552978515625, -0.0020971298217773438, -0.00040602684020996094, 0.00043970346450805664, 1.6823410987854004e-05, -0.00019460543990135193, -8.889194577932358e-05, -3.603450022637844e-05, -9.605602826923132e-06], "xl": [0.0, 1.0, 1.5, 1.5, 1.625, 1.6875, 1.71875, 1.71875, 1.7265625, 1.73046875, 1.73046875, 1.7314453125, 1.73193359375, 1.73193359375, 1.73193359375, 1.73199462890625, 1.732025146484375, 1.7320404052734375], "f(xl)": [-3.0, -2.0, -0.75, -0.75, -0.359375, -0.15234375, -0.0458984375, -0.0458984375, -0.01898193359375, -0.0054779052734375, -0.0054779052734375, -0.0020971298217773438, -0.00040602684020996094, -0.00040602684020996094, -0.00040602684020996094, -0.00019460543990135193, -8.889194577932358e-05, -3.603450022637844e-05], "xu": [2.0, 2.0, 2.0, 1.75, 1.75, 1.75, 1.75, 1.734375, 1.734375, 1.734375, 1.732421875, 1.732421875, 1.732421875, 1.732177734375, 1.7320556640625, 1.7320556640625, 1.7320556640625, 1.7320556640625], "f(xu)": [1.0, 1.0, 1.0, 0.0625, 0.0625, 0.0625, 0.0625, 0.008056640625, 0.008056640625, 0.008056640625, 0.001285552978515625, 0.001285552978515625, 0.001285552978515625, 0.00043970346450805664, 1.6823410987854004e-05, 1.6823410987854004e-05, 1.6823410987854004e-05, 1.6823410987854004e-05], "iterations": 19, "updates": ["lower bound = x`", "lower bound = x`", "upper bound = x`", "lower bound = x`", "lower bound = x`", "lower bound = x`", "upper bound = x`", "lower bound = x`", "lower bound = x`", "upper bound = x`", "lower bound = x`", "lower bound = x`", "upper bound = x`", "upper bound = x`", "lower bound = x`", "lower bound = x`", "lower bound = x`", "lower bound = x`"], "error": ["", 50.0, 16.666666666666675, 7.14285714285714, 3.8461538461538547, 1.85185185185186, 0.9090909090909038, 0.45045045045044585, 0.2262443438914019, 0.11286681715576563, 0.05636978579481866, 0.028200789622112588, 0.014096419509446179, 0.007047216349542751, 0.003523856508558243, 0.001761990344295583, 0.0008809796493647326, 0.00044048594409762387], "root": 1.7320480346679688, "status": "good", "precision percentage": 99.9995595140559, "time": 14.290199999999459}