{"method": "False Position", "iterations": 5, "x2": [1.6666666666666665, 1.7272727272727273, 1.7317073170731707, 1.7320261437908497, 1.7320490367775832], "f(x2)": [-0.22222222222222276, -0.016528925619834656, -0.0011897679952408424, -8.543722499876338e-05, -6.134197846563438e-06], "updates": ["lower bound = x2", "lower bound = x2", "lower bound = x2", "lower bound = x2", "lower bound = x2"], "time": 2.639900000001944, "root": 1.7320490367775832, "status": "good", "precision percentage": 99.99998678253974}