{"method": "Bisection", "x`": [2.0, 3.0, 3.5, 3.25, 3.125, 3.1875, 3.15625, 3.140625, 3.1484375, 3.14453125, 3.142578125, 3.1416015625], "f(x`)": [0.9092974268256817, 0.1411200080598672, -0.35078322768961984, -0.10819513453010837, 0.016591892229347906, -0.045891223272779696, -0.014656821590492326, 0.0009676534387822795, -0.0068447929612965195, -0.0029385921809077266, -0.0009854712506993687, -8.908910206643689e-06], "xl": [0.0, 2.0, 3.0, 3.0, 3.0, 3.125, 3.125, 3.125, 3.140625, 3.140625, 3.140625, 3.140625], "f(xl)": [0.0, 0.9092974268256817, 0.1411200080598672, 0.1411200080598672, 0.1411200080598672, 0.016591892229347906, 0.016591892229347906, 0.016591892229347906, 0.0009676534387822795, 0.0009676534387822795, 0.0009676534387822795, 0.0009676534387822795], "xu": [4.0, 4.0, 4.0, 3.5, 3.25, 3.25, 3.1875, 3.15625, 3.15625, 3.1484375, 3.14453125, 3.142578125], "f(xu)": [-0.7568024953079282, -0.7568024953079282, -0.7568024953079282, -0.35078322768961984, -0.10819513453010837, -0.10819513453010837, -0.045891223272779696, -0.014656821590492326, -0.014656821590492326, -0.0068447929612965195, -0.0029385921809077266, -0.0009854712506993687], "iterations": 13, "updates": ["lower bound = x`", "lower bound = x`", "upper bound = x`", "upper bound = x`", "lower bound = x`", "upper bound = x`", "upper bound = x`", "lower bound = x`", "upper bound = x`", "upper bound = x`", "upper bound = x`", "upper bound = x`"], "error": ["", 50.0, 16.666666666666675, 7.14285714285714, 3.8461538461538436, 2.0000000000000018, 0.9803921568627416, 0.4950495049504955, 0.24875621890547706, 0.1240694789081842, 0.06211180124223725, 0.03107520198881719], "root": 3.1416015625, "status": "good", "precision percentage": 99.96892479801119, "time": 1.6576999999961117}