{"method": "Bisection", "x`": [3.5, 3.25, 3.375, 3.3125, 3.28125, 3.296875], "f(x`)": [-0.01975748317666089, 0.005848717311529847, -0.008681075936569147, -0.0018769626438627418, 0.0018670252409641315, -3.4224581259352936e-05], "xl": [3.0, 3.0, 3.25, 3.25, 3.25, 3.28125], "f(xl)": [0.04712745682187973, 0.04712745682187973, 0.005848717311529847, 0.005848717311529847, 0.005848717311529847, 0.0018670252409641315], "xu": [4.0, 3.5, 3.5, 3.375, 3.3125, 3.3125], "f(xu)": [-0.03837027762445817, -0.01975748317666089, -0.01975748317666089, -0.008681075936569147, -0.0018769626438627418, -0.0018769626438627418], "iterations": 7, "updates": ["upper bound = x`", "lower bound = x`", "upper bound = x`", "upper bound = x`", "lower bound = x`", "upper bound = x`"], "root": 3.296875, "status": "good", "precision percentage": 99.52380952380952, "time": 12.478900000001886}