{"method": "Bisection", "x2": [1.5, 1.75, 1.625, 1.6875, 1.71875, 1.734375, 1.7265625, 1.73046875, 1.732421875, 1.7314453125, 1.73193359375, 1.732177734375, 1.7320556640625, 1.73199462890625, 1.732025146484375, 1.7320404052734375, 1.7320480346679688], "f(x2)": [-0.75, 0.0625, -0.359375, -0.15234375, -0.0458984375, 0.008056640625, -0.01898193359375, -0.0054779052734375, 0.001285552978515625, -0.0020971298217773438, -0.00040602684020996094, 0.00043970346450805664, 1.6823410987854004e-05, -0.00019460543990135193, -8.889194577932358e-05, -3.603450022637844e-05, -9.605602826923132e-06], "iterations": 18, "root": 1.7320480346679688, "status": "good"}