{"method": "False Position", "iterations": 4, "x2": [3.5512129312790033, 3.3683015616793037, 3.314887571858628, 3.301127813620195], "f(x2)": [-0.02340513473181158, -0.007994172282189514, -0.0021534457560242384, -0.0005415382820918621], "updates": ["upper bound = x2", "upper bound = x2", "upper bound = x2", "upper bound = x2"], "root": 3.301127813620195, "status": "good"}