{"method": "Bisection", "x2": [50.0, 25.5, 37.75, 43.875, 40.8125, 42.34375, 41.578125, 41.1953125, 41.00390625, 40.908203125, 40.8603515625, 40.83642578125, 40.848388671875, 40.8424072265625, 40.83941650390625, 40.840911865234375, 40.84016418457031, 40.840538024902344, 40.84072494506836, 40.84063148498535, 40.840678215026855, 40.84070158004761], "f(x2)": [-0.26237485370392877, 0.3590583540221683, 0.050866196399306694, -0.10709138913759518, 0.0282007573997934, -0.9977057907298696, -0.672380793266193, -0.34722278424085484, -0.16247824285582638, -0.0674473853196715, -0.019645801872284964, 0.004278702361960936, -0.0076840995872403195, -0.0017027290724036495, 0.0012879924049481553, -0.00020736856557669906, 0.0005403120707100703, 0.00016647176419944888, -2.0448401045849946e-05, 7.301168189567022e-05, 2.62816404536057e-05, 2.916619704674004e-06], "iterations": 23, "root": 40.84070158004761, "status": "good"}